,Unnamed: 0,locus_tag,baseMean,log2FoldChange,lfcSE,stat,pvalue,padj,contrast,offset,Chromosome,Start,End,gene_start,gene_end,locus_tag_b,gene,Distance
0,0,NC_001133.9:1500-2000,88.46280687744593,0.3913468543691871,1.1082479508619074,0.3531221096008601,0.7239968981948697,0.999870160544503,4nMaF_vs_0nMaF,Off0,NC_001133.9,1500,2000,1806,2169,YAL068C,PAU8,0
1,1,NC_001133.9:2000-2500,139.42926485083203,-0.2381110987177247,0.8832251619966723,-0.2695927482177209,0.7874735799300898,0.999870160544503,4nMaF_vs_0nMaF,Off0,NC_001133.9,2000,2500,1806,2169,YAL068C,PAU8,0
2,2,NC_001133.9:2500-3000,64.13549160861713,0.270052997059744,0.9572102611955304,0.2821250544498498,0.7778476225495528,0.999870160544503,4nMaF_vs_0nMaF,Off0,NC_001133.9,2500,3000,2479,2707,YAL067W-A,YAL067W-A,0
3,3,NC_001133.9:7000-7500,161.69399753875106,0.1918039165746995,0.9144386644446244,0.2097504447618582,0.8338624519462792,0.999870160544503,4nMaF_vs_0nMaF,Off0,NC_001133.9,7000,7500,7234,9016,YAL067C,SEO1,0
4,4,NC_001133.9:7500-8000,88.88600137145465,0.5911910908741667,1.0564906983199664,0.5595800245229607,0.5757659331137502,0.999870160544503,4nMaF_vs_0nMaF,Off0,NC_001133.9,7500,8000,7234,9016,YAL067C,SEO1,0
